32;432;340;14;16;13;0
33;9;357;8;16;7;0
34;447;340;8;16;7;0
36;456;340;8;16;7;0
37;465;340;8;16;7;0
38;474;340;8;16;7;0
39;483;340;8;16;7;0
40;492;340;8;16;7;0
41;501;340;8;16;7;0
42;510;340;8;16;7;0
43;519;340;8;16;7;0
44;528;340;8;16;7;0
45;537;340;8;16;7;0
46;546;340;8;16;7;0
47;555;340;8;16;7;0
48;564;340;8;16;7;0
49;573;340;8;16;7;0
50;582;340;8;16;7;0
51;591;340;8;16;7;0
52;600;340;8;16;7;0
53;609;340;8;16;7;0
54;618;340;8;16;7;0
55;627;340;8;16;7;0
56;636;340;8;16;7;0
57;645;340;8;16;7;0
58;654;340;8;16;7;0
61;663;340;8;16;7;0
62;672;340;8;16;7;0
63;681;340;8;16;7;0
65;690;340;8;16;7;0
66;699;340;8;16;7;0
67;708;340;8;16;7;0
68;717;340;8;16;7;0
69;726;340;8;16;7;0
70;735;340;8;16;7;0
71;744;340;8;16;7;0
72;753;340;8;16;7;0
73;762;340;8;16;7;0
74;771;340;8;16;7;0
75;780;340;8;16;7;0
76;789;340;8;16;7;0
77;798;340;8;16;7;0
78;807;340;8;16;7;0
79;816;340;8;16;7;0
80;825;340;8;16;7;0
81;834;340;8;16;7;0
82;843;340;8;16;7;0
83;852;340;8;16;7;0
84;861;340;8;16;7;0
85;870;340;8;16;7;0
86;879;340;8;16;7;0
87;888;340;8;16;7;0
88;897;340;8;16;7;0
89;906;340;8;16;7;0
90;915;340;8;16;7;0
91;924;340;8;16;7;0
92;933;340;8;16;7;0
93;942;340;8;16;7;0
95;951;340;8;16;7;0
97;960;340;8;16;7;0
98;969;340;8;16;7;0
99;978;340;8;16;7;0
100;987;340;8;16;7;0
101;996;340;8;16;7;0
102;1005;340;8;16;7;0
103;1014;340;8;16;7;0
104;0;357;8;16;7;0
105;108;357;8;16;7;0
106;18;357;8;16;7;0
107;27;357;8;16;7;0
108;36;357;8;16;7;0
109;45;357;8;16;7;0
110;54;357;8;16;7;0
111;63;357;8;16;7;0
112;72;357;8;16;7;0
113;81;357;8;16;7;0
114;90;357;8;16;7;0
115;99;357;8;16;7;0
116;207;357;8;16;7;0
117;117;357;8;16;7;0
118;126;357;8;16;7;0
119;135;357;8;16;7;0
120;144;357;8;16;7;0
121;153;357;8;16;7;0
122;162;357;8;16;7;0
126;171;357;8;16;7;0
183;352;17;15;16;14;0
231;180;357;8;16;7;0
234;189;357;8;16;7;0
241;198;357;8;16;7;0
1056;416;17;15;16;14;0
1080;432;17;15;16;14;0
1081;448;17;15;16;14;0
1082;464;17;15;16;14;0
1089;480;17;15;16;14;0
1091;496;17;15;16;14;0
8212;512;17;15;16;14;0
8220;528;17;15;16;14;0
8221;544;17;15;16;14;0
8230;560;17;15;16;14;0
12289;576;17;15;16;14;0
12290;592;17;15;16;14;0
19968;608;17;15;16;14;0
19969;624;17;15;16;14;0
19977;640;17;15;16;14;0
19978;656;17;15;16;14;0
19979;672;17;15;16;14;0
19981;688;17;15;16;14;0
19988;704;17;15;16;14;0
19990;720;17;15;16;14;0
19996;736;17;15;16;14;0
19997;752;17;15;16;14;0
19999;768;17;15;16;14;0
20002;784;17;15;16;14;0
20004;800;17;15;16;14;0
20005;816;17;15;16;14;0
20006;832;17;15;16;14;0
20007;848;17;15;16;14;0
20010;864;17;15;16;14;0
20013;880;17;15;16;14;0
20026;896;17;15;16;14;0
20027;912;17;15;16;14;0
20030;928;17;15;16;14;0
20037;944;17;15;16;14;0
20040;960;17;15;16;14;0
20043;976;17;15;16;14;0
20046;992;17;15;16;14;0
20048;1008;17;15;16;14;0
20054;0;34;15;16;14;0
20063;16;34;15;16;14;0
20081;32;34;15;16;14;0
20094;48;34;15;16;14;0
20102;64;34;15;16;14;0
20107;80;34;15;16;14;0
20110;96;34;15;16;14;0
20114;112;34;15;16;14;0
20123;128;34;15;16;14;0
20129;144;34;15;16;14;0
20132;160;34;15;16;14;0
20135;176;34;15;16;14;0
20139;192;34;15;16;14;0
20142;208;34;15;16;14;0
20154;224;34;15;16;14;0
20160;240;34;15;16;14;0
20165;256;34;15;16;14;0
20167;272;34;15;16;14;0
20173;288;34;15;16;14;0
20174;304;34;15;16;14;0
20182;320;34;15;16;14;0
20197;336;34;15;16;14;0
20204;352;34;15;16;14;0
20214;368;34;15;16;14;0
20219;384;34;15;16;14;0
20248;400;34;15;16;14;0
20249;416;34;15;16;14;0
20250;432;34;15;16;14;0
20256;448;34;15;16;14;0
20260;464;34;15;16;14;0
20276;480;34;15;16;14;0
20284;496;34;15;16;14;0
20294;512;34;15;16;14;0
20301;528;34;15;16;14;0
20302;544;34;15;16;14;0
20303;560;34;15;16;14;0
20307;576;34;15;16;14;0
20309;592;34;15;16;14;0
20316;608;34;15;16;14;0
20320;624;34;15;16;14;0
20351;640;34;15;16;14;0
20358;656;34;15;16;14;0
20379;672;34;15;16;14;0
20405;688;34;15;16;14;0
20415;704;34;15;16;14;0
20418;720;34;15;16;14;0
20439;0;0;15;16;14;0
20445;752;34;15;16;14;0
20449;768;34;15;16;14;0
20457;784;34;15;16;14;0
20462;800;34;15;16;14;0
20491;816;34;15;16;14;0
20497;832;34;15;16;14;0
20498;848;34;15;16;14;0
20505;864;34;15;16;14;0
20540;880;34;15;16;14;0
20542;896;34;15;16;14;0
20551;912;34;15;16;14;0
20570;928;34;15;16;14;0
20572;944;34;15;16;14;0
20581;960;34;15;16;14;0
20633;976;34;15;16;14;0
20642;992;34;15;16;14;0
20658;1008;34;15;16;14;0
20659;0;51;15;16;14;0
20663;16;51;15;16;14;0
20667;32;51;15;16;14;0
20677;48;51;15;16;14;0
20687;64;51;15;16;14;0
20778;80;51;15;16;14;0
20804;96;51;15;16;14;0
20805;112;51;15;16;14;0
20808;128;51;15;16;14;0
20811;144;51;15;16;14;0
20813;160;51;15;16;14;0
20837;176;51;15;16;14;0
20839;192;51;15;16;14;0
20840;208;51;15;16;14;0
20841;224;51;15;16;14;0
20844;240;51;15;16;14;0
20851;256;51;15;16;14;0
20852;272;51;15;16;14;0
20853;288;51;15;16;14;0
20854;304;51;15;16;14;0
20855;320;51;15;16;14;0
20877;336;51;15;16;14;0
20889;352;51;15;16;14;0
20891;368;51;15;16;14;0
20912;384;51;15;16;14;0
20914;400;51;15;16;14;0
20917;416;51;15;16;14;0
20919;432;51;15;16;14;0
20934;448;51;15;16;14;0
20937;464;51;15;16;14;0
20960;480;51;15;16;14;0
20986;496;51;15;16;14;0
20987;512;51;15;16;14;0
20998;528;51;15;16;14;0
20999;544;51;15;16;14;0
21015;560;51;15;16;14;0
21018;576;51;15;16;14;0
21021;592;51;15;16;14;0
21024;608;51;15;16;14;0
21029;624;51;15;16;14;0
21033;640;51;15;16;14;0
21034;656;51;15;16;14;0
21035;672;51;15;16;14;0
21040;688;51;15;16;14;0
21046;704;51;15;16;14;0
21050;720;51;15;16;14;0
21051;736;51;15;16;14;0
21069;752;51;15;16;14;0
21083;768;51;15;16;14;0
21097;784;51;15;16;14;0
21137;800;51;15;16;14;0
21147;816;51;15;16;14;0
21150;832;51;15;16;14;0
21151;848;51;15;16;14;0
21152;864;51;15;16;14;0
21153;880;51;15;16;14;0
21155;896;51;15;16;14;0
21160;912;51;15;16;14;0
21161;928;51;15;16;14;0
21162;944;51;15;16;14;0
21170;960;51;15;16;14;0
21185;976;51;15;16;14;0
21205;992;51;15;16;14;0
21209;1008;51;15;16;14;0
21246;0;68;15;16;14;0
21247;16;68;15;16;14;0
21270;32;68;15;16;14;0
21283;48;68;15;16;14;0
21306;64;68;15;16;14;0
21307;80;68;15;16;14;0
21312;96;68;15;16;14;0
21319;112;68;15;16;14;0
21322;128;68;15;16;14;0
21327;144;68;15;16;14;0
21329;160;68;15;16;14;0
21333;176;68;15;16;14;0
21338;192;68;15;16;14;0
21345;208;68;15;16;14;0
21355;224;68;15;16;14;0
21361;240;68;15;16;14;0
21363;256;68;15;16;14;0
21364;272;68;15;16;14;0
21371;288;68;15;16;14;0
21387;304;68;15;16;14;0
21388;320;68;15;16;14;0
21421;336;68;15;16;14;0
21435;352;68;15;16;14;0
21442;368;68;15;16;14;0
21443;384;68;15;16;14;0
21448;400;68;15;16;14;0
21450;416;68;15;16;14;0
21451;432;68;15;16;14;0
21453;448;68;15;16;14;0
21457;464;68;15;16;14;0
21462;480;68;15;16;14;0
21463;496;68;15;16;14;0
21464;512;68;15;16;14;0
21475;528;68;15;16;14;0
21476;544;68;15;16;14;0
21477;560;68;15;16;14;0
21482;576;68;15;16;14;0
21483;592;68;15;16;14;0
21487;608;68;15;16;14;0
21488;624;68;15;16;14;0
21491;640;68;15;16;14;0
21495;656;68;15;16;14;0
21496;672;68;15;16;14;0
21507;688;68;15;16;14;0
21512;704;68;15;16;14;0
21514;720;68;15;16;14;0
21516;736;68;15;16;14;0
21517;752;68;15;16;14;0
21518;768;68;15;16;14;0
21521;784;68;15;16;14;0
21527;800;68;15;16;14;0
21542;816;68;15;16;14;0
21543;832;68;15;16;14;0
21548;848;68;15;16;14;0
21551;864;68;15;16;14;0
21553;880;68;15;16;14;0
21564;896;68;15;16;14;0
21568;912;68;15;16;14;0
21571;928;68;15;16;14;0
21578;944;68;15;16;14;0
21592;960;68;15;16;14;0
21596;976;68;15;16;14;0
21602;992;68;15;16;14;0
21606;1008;68;15;16;14;0
21608;0;85;15;16;14;0
21619;16;85;15;16;14;0
21621;32;85;15;16;14;0
21628;48;85;15;16;14;0
21629;64;85;15;16;14;0
21644;80;85;15;16;14;0
21654;96;85;15;16;14;0
21674;112;85;15;16;14;0
21683;128;85;15;16;14;0
21691;144;85;15;16;14;0
21697;160;85;15;16;14;0
21703;176;85;15;16;14;0
21704;192;85;15;16;14;0
21710;208;85;15;16;14;0
21729;224;85;15;16;14;0
21733;240;85;15;16;14;0
21734;256;85;15;16;14;0
21741;272;85;15;16;14;0
21756;288;85;15;16;14;0
21769;304;85;15;16;14;0
21807;320;85;15;16;14;0
21830;336;85;15;16;14;0
21834;352;85;15;16;14;0
21839;368;85;15;16;14;0
21855;384;85;15;16;14;0
21857;400;85;15;16;14;0
21861;416;85;15;16;14;0
21862;432;85;15;16;14;0
21890;736;34;15;16;14;0
21898;464;85;15;16;14;0
21916;480;85;15;16;14;0
21930;496;85;15;16;14;0
21934;512;85;15;16;14;0
21939;528;85;15;16;14;0
21941;544;85;15;16;14;0
21966;560;85;15;16;14;0
21978;576;85;15;16;14;0
21999;592;85;15;16;14;0
22007;608;85;15;16;14;0
22043;624;85;15;16;14;0
22046;640;85;15;16;14;0
22070;656;85;15;16;14;0
22079;672;85;15;16;14;0
22081;688;85;15;16;14;0
22103;704;85;15;16;14;0
22114;720;85;15;16;14;0
22120;736;85;15;16;14;0
22159;752;85;15;16;14;0
22196;768;85;15;16;14;0
22235;784;85;15;16;14;0
22238;800;85;15;16;14;0
22240;816;85;15;16;14;0
22242;832;85;15;16;14;0
22256;848;85;15;16;14;0
22269;864;85;15;16;14;0
22270;880;85;15;16;14;0
22280;896;85;15;16;14;0
22283;912;85;15;16;14;0
22285;928;85;15;16;14;0
22291;944;85;15;16;14;0
22294;960;85;15;16;14;0
22296;976;85;15;16;14;0
22312;992;85;15;16;14;0
22320;1008;85;15;16;14;0
22343;0;102;15;16;14;0
22351;16;102;15;16;14;0
22352;32;102;15;16;14;0
22359;48;102;15;16;14;0
22368;64;102;15;16;14;0
22402;80;102;15;16;14;0
22446;96;102;15;16;14;0
22495;112;102;15;16;14;0
22521;128;102;15;16;14;0
22533;144;102;15;16;14;0
22570;160;102;15;16;14;0
22577;176;102;15;16;14;0
22581;192;102;15;16;14;0
22602;208;102;15;16;14;0
22659;224;102;15;16;14;0
22684;240;102;15;16;14;0
22686;256;102;15;16;14;0
22750;272;102;15;16;14;0
22763;288;102;15;16;14;0
22766;304;102;15;16;14;0
22768;320;102;15;16;14;0
22788;336;102;15;16;14;0
22791;352;102;15;16;14;0
22797;368;102;15;16;14;0
22806;384;102;15;16;14;0
22810;400;102;15;16;14;0
22815;416;102;15;16;14;0
22816;432;102;15;16;14;0
22823;448;102;15;16;14;0
22825;464;102;15;16;14;0
22826;480;102;15;16;14;0
22833;496;102;15;16;14;0
22836;512;102;15;16;14;0
22852;528;102;15;16;14;0
22855;544;102;15;16;14;0
22856;560;102;15;16;14;0
22863;576;102;15;16;14;0
22871;592;102;15;16;14;0
22885;608;102;15;16;14;0
22887;624;102;15;16;14;0
22894;640;102;15;16;14;0
22905;656;102;15;16;14;0
22909;672;102;15;16;14;0
22914;688;102;15;16;14;0
22937;704;102;15;16;14;0
22987;720;102;15;16;14;0
22995;736;102;15;16;14;0
23041;752;102;15;16;14;0
23068;768;102;15;16;14;0
23376;784;102;15;16;14;0
23383;800;102;15;16;14;0
23384;816;102;15;16;14;0
23396;832;102;15;16;14;0
23398;848;102;15;16;14;0
23401;864;102;15;16;14;0
23413;880;102;15;16;14;0
23416;896;102;15;16;14;0
23427;912;102;15;16;14;0
23432;928;102;15;16;14;0
23433;944;102;15;16;14;0
23436;960;102;15;16;14;0
23448;976;102;15;16;14;0
23450;992;102;15;16;14;0
23452;1008;102;15;16;14;0
23454;0;119;15;16;14;0
23456;16;119;15;16;14;0
23458;32;119;15;16;14;0
23460;48;119;15;16;14;0
23475;64;119;15;16;14;0
23478;80;119;15;16;14;0
23481;96;119;15;16;14;0
23487;112;119;15;16;14;0
23494;128;119;15;16;14;0
23526;144;119;15;16;14;0
23531;160;119;15;16;14;0
23541;176;119;15;16;14;0
23545;192;119;15;16;14;0
23548;208;119;15;16;14;0
23556;224;119;15;16;14;0
23558;240;119;15;16;14;0
23559;256;119;15;16;14;0
23560;272;119;15;16;14;0
23561;288;119;15;16;14;0
23565;304;119;15;16;14;0
23566;320;119;15;16;14;0
23567;336;119;15;16;14;0
23569;352;119;15;16;14;0
23578;368;119;15;16;14;0
23601;384;119;15;16;14;0
23612;400;119;15;16;14;0
23613;416;119;15;16;14;0
23615;432;119;15;16;14;0
23618;448;119;15;16;14;0
23631;464;119;15;16;14;0
23637;480;119;15;16;14;0
23646;496;119;15;16;14;0
23652;512;119;15;16;14;0
23660;528;119;15;16;14;0
23721;544;119;15;16;14;0
24033;560;119;15;16;14;0
24037;576;119;15;16;14;0
24040;592;119;15;16;14;0
24046;608;119;15;16;14;0
24049;624;119;15;16;14;0
24050;640;119;15;16;14;0
24052;656;119;15;16;14;0
24055;672;119;15;16;14;0
24067;688;119;15;16;14;0
24072;704;119;15;16;14;0
24076;720;119;15;16;14;0
24093;736;119;15;16;14;0
24101;752;119;15;16;14;0
24102;768;119;15;16;14;0
24107;784;119;15;16;14;0
24110;800;119;15;16;14;0
24115;816;119;15;16;14;0
24120;832;119;15;16;14;0
24149;848;119;15;16;14;0
24171;864;119;15;16;14;0
24178;880;119;15;16;14;0
24179;896;119;15;16;14;0
24180;912;119;15;16;14;0
24182;928;119;15;16;14;0
24184;944;119;15;16;14;0
24185;960;119;15;16;14;0
24187;976;119;15;16;14;0
24190;992;119;15;16;14;0
24191;1008;119;15;16;14;0
24207;0;136;15;16;14;0
24211;16;136;15;16;14;0
24212;32;136;15;16;14;0
24213;48;136;15;16;14;0
24223;64;136;15;16;14;0
24230;80;136;15;16;14;0
24231;96;136;15;16;14;0
24235;112;136;15;16;14;0
24247;128;136;15;16;14;0
24266;144;136;15;16;14;0
24290;160;136;15;16;14;0
24291;176;136;15;16;14;0
24310;192;136;15;16;14;0
24314;208;136;15;16;14;0
24320;224;136;15;16;14;0
24323;240;136;15;16;14;0
24324;256;136;15;16;14;0
24335;272;136;15;16;14;0
24341;288;136;15;16;14;0
24351;304;136;15;16;14;0
24352;320;136;15;16;14;0
24369;336;136;15;16;14;0
24373;352;136;15;16;14;0
24375;368;136;15;16;14;0
24377;384;136;15;16;14;0
24378;400;136;15;16;14;0
24392;416;136;15;16;14;0
24402;432;136;15;16;14;0
24403;448;136;15;16;14;0
24418;464;136;15;16;14;0
24433;480;136;15;16;14;0
24441;496;136;15;16;14;0
24443;512;136;15;16;14;0
24448;528;136;15;16;14;0
24453;544;136;15;16;14;0
24456;560;136;15;16;14;0
24460;576;136;15;16;14;0
24471;592;136;15;16;14;0
24478;608;136;15;16;14;0
24489;624;136;15;16;14;0
24505;640;136;15;16;14;0
24515;656;136;15;16;14;0
24517;672;136;15;16;14;0
24535;688;136;15;16;14;0
24536;704;136;15;16;14;0
24537;720;136;15;16;14;0
24555;736;136;15;16;14;0
24565;752;136;15;16;14;0
24577;768;136;15;16;14;0
24590;784;136;15;16;14;0
24594;800;136;15;16;14;0
24597;816;136;15;16;14;0
24598;832;136;15;16;14;0
24604;848;136;15;16;14;0
24605;864;136;15;16;14;0
24615;880;136;15;16;14;0
24618;896;136;15;16;14;0
24635;912;136;15;16;14;0
24656;928;136;15;16;14;0
24658;944;136;15;16;14;0
24677;960;136;15;16;14;0
24681;976;136;15;16;14;0
24687;992;136;15;16;14;0
24694;1008;136;15;16;14;0
24717;0;153;15;16;14;0
24724;16;153;15;16;14;0
24739;32;153;15;16;14;0
24744;48;153;15;16;14;0
24754;64;153;15;16;14;0
24773;80;153;15;16;14;0
24778;96;153;15;16;14;0
24801;112;153;15;16;14;0
24819;128;153;15;16;14;0
24840;144;153;15;16;14;0
24841;160;153;15;16;14;0
24847;176;153;15;16;14;0
24859;192;153;15;16;14;0
24863;208;153;15;16;14;0
24907;224;153;15;16;14;0
24910;240;153;15;16;14;0
24930;256;153;15;16;14;0
24976;272;153;15;16;14;0
25026;288;153;15;16;14;0
25033;304;153;15;16;14;0
25079;320;153;15;16;14;0
25103;336;153;15;16;14;0
25104;352;153;15;16;14;0
25105;368;153;15;16;14;0
25110;384;153;15;16;14;0
25112;400;153;15;16;14;0
25130;416;153;15;16;14;0
25136;432;153;15;16;14;0
25138;448;153;15;16;14;0
25151;464;153;15;16;14;0
25152;480;153;15;16;14;0
25163;496;153;15;16;14;0
25165;512;153;15;16;14;0
25171;528;153;15;16;14;0
25176;544;153;15;16;14;0
25200;560;153;15;16;14;0
25214;576;153;15;16;14;0
25226;592;153;15;16;14;0
25235;608;153;15;16;14;0
25237;624;153;15;16;14;0
25253;640;153;15;16;14;0
25265;656;153;15;16;14;0
25273;672;153;15;16;14;0
25285;688;153;15;16;14;0
25287;704;153;15;16;14;0
25307;720;153;15;16;14;0
25308;736;153;15;16;14;0
25311;752;153;15;16;14;0
25317;768;153;15;16;14;0
25321;784;153;15;16;14;0
25331;800;153;15;16;14;0
25343;816;153;15;16;14;0
25345;832;153;15;16;14;0
25351;848;153;15;16;14;0
25353;864;153;15;16;14;0
25361;880;153;15;16;14;0
25377;896;153;15;16;14;0
25381;912;153;15;16;14;0
25386;928;153;15;16;14;0
25391;944;153;15;16;14;0
25402;960;153;15;16;14;0
25439;976;153;15;16;14;0
25442;992;153;15;16;14;0
25454;1008;153;15;16;14;0
25480;0;170;15;16;14;0
25481;16;170;15;16;14;0
25484;32;170;15;16;14;0
25490;48;170;15;16;14;0
25509;64;170;15;16;14;0
25511;80;170;15;16;14;0
25552;96;170;15;16;14;0
25554;112;170;15;16;14;0
25563;128;170;15;16;14;0
25569;144;170;15;16;14;0
25582;160;170;15;16;14;0
25613;176;170;15;16;14;0
25630;192;170;15;16;14;0
25670;208;170;15;16;14;0
25758;224;170;15;16;14;0
25764;240;170;15;16;14;0
25773;256;170;15;16;14;0
25793;272;170;15;16;14;0
25799;288;170;15;16;14;0
25802;304;170;15;16;14;0
25803;320;170;15;16;14;0
25805;336;170;15;16;14;0
25812;352;170;15;16;14;0
25818;368;170;15;16;14;0
25836;384;170;15;16;14;0
25850;400;170;15;16;14;0
25854;416;170;15;16;14;0
25856;432;170;15;16;14;0
25903;448;170;15;16;14;0
25910;464;170;15;16;14;0
25913;480;170;15;16;14;0
25915;496;170;15;16;14;0
25918;512;170;15;16;14;0
25925;528;170;15;16;14;0
25928;544;170;15;16;14;0
25932;560;170;15;16;14;0
25935;576;170;15;16;14;0
25937;592;170;15;16;14;0
25943;608;170;15;16;14;0
25954;624;170;15;16;14;0
25955;640;170;15;16;14;0
25968;656;170;15;16;14;0
25970;672;170;15;16;14;0
25972;688;170;15;16;14;0
25973;704;170;15;16;14;0
25976;720;170;15;16;14;0
25991;736;170;15;16;14;0
26009;752;170;15;16;14;0
26020;768;170;15;16;14;0
26029;784;170;15;16;14;0
26031;800;170;15;16;14;0
26032;816;170;15;16;14;0
26039;832;170;15;16;14;0
26041;848;170;15;16;14;0
26044;864;170;15;16;14;0
26045;880;170;15;16;14;0
26059;896;170;15;16;14;0
26063;912;170;15;16;14;0
26080;928;170;15;16;14;0
26085;944;170;15;16;14;0
26089;960;170;15;16;14;0
26102;976;170;15;16;14;0
26114;992;170;15;16;14;0
26126;1008;170;15;16;14;0
26131;0;187;15;16;14;0
26143;16;187;15;16;14;0
26159;32;187;15;16;14;0
26178;48;187;15;16;14;0
26185;64;187;15;16;14;0
26202;80;187;15;16;14;0
26222;96;187;15;16;14;0
26234;112;187;15;16;14;0
26242;128;187;15;16;14;0
26283;144;187;15;16;14;0
26292;160;187;15;16;14;0
26356;176;187;15;16;14;0
26366;192;187;15;16;14;0
26367;208;187;15;16;14;0
26368;224;187;15;16;14;0
26371;240;187;15;16;14;0
26377;256;187;15;16;14;0
26379;272;187;15;16;14;0
26381;288;187;15;16;14;0
26391;304;187;15;16;14;0
26395;320;187;15;16;14;0
26399;336;187;15;16;14;0
26410;352;187;15;16;14;0
26412;368;187;15;16;14;0
26426;384;187;15;16;14;0
26429;400;187;15;16;14;0
26432;416;187;15;16;14;0
26463;432;187;15;16;14;0
26465;448;187;15;16;14;0
26469;464;187;15;16;14;0
26481;480;187;15;16;14;0
26494;496;187;15;16;14;0
26495;512;187;15;16;14;0
26522;528;187;15;16;14;0
26524;544;187;15;16;14;0
26530;560;187;15;16;14;0
26538;576;187;15;16;14;0
26550;592;187;15;16;14;0
26576;608;187;15;16;14;0
26580;624;187;15;16;14;0
26597;640;187;15;16;14;0
26609;656;187;15;16;14;0
26631;672;187;15;16;14;0
26641;688;187;15;16;14;0
26646;704;187;15;16;14;0
26657;720;187;15;16;14;0
26679;736;187;15;16;14;0
26680;752;187;15;16;14;0
26681;768;187;15;16;14;0
26684;784;187;15;16;14;0
26696;800;187;15;16;14;0
26723;816;187;15;16;14;0
26729;832;187;15;16;14;0
26781;848;187;15;16;14;0
26799;864;187;15;16;14;0
26800;880;187;15;16;14;0
26816;896;187;15;16;14;0
26820;912;187;15;16;14;0
26829;928;187;15;16;14;0
26834;944;187;15;16;14;0
26840;960;187;15;16;14;0
26866;976;187;15;16;14;0
26970;992;187;15;16;14;0
27010;1008;187;15;16;14;0
27054;0;204;15;16;14;0
27083;16;204;15;16;14;0
27085;32;204;15;16;14;0
27138;48;204;15;16;14;0
27161;64;204;15;16;14;0
27166;80;204;15;16;14;0
27169;96;204;15;16;14;0
27171;112;204;15;16;14;0
27193;128;204;15;16;14;0
27231;144;204;15;16;14;0
27284;160;204;15;16;14;0
27298;176;204;15;16;14;0
27402;192;204;15;16;14;0
27425;208;204;15;16;14;0
27426;224;204;15;16;14;0
27454;240;204;15;16;14;0
27465;256;204;15;16;14;0
27489;272;204;15;16;14;0
27490;288;204;15;16;14;0
27491;304;204;15;16;14;0
27492;320;204;15;16;14;0
27493;336;204;15;16;14;0
27494;352;204;15;16;14;0
27512;368;204;15;16;14;0
27515;384;204;15;16;14;0
27573;400;204;15;16;14;0
27578;416;204;15;16;14;0
27584;432;204;15;16;14;0
27599;448;204;15;16;14;0
27602;464;204;15;16;14;0
27604;480;204;15;16;14;0
27605;496;204;15;16;14;0
27611;512;204;15;16;14;0
27627;528;204;15;16;14;0
27668;544;204;15;16;14;0
27683;560;204;15;16;14;0
27700;576;204;15;16;14;0
27704;592;204;15;16;14;0
27714;608;204;15;16;14;0
27754;624;204;15;16;14;0
27785;640;204;15;16;14;0
27794;656;204;15;16;14;0
27809;672;204;15;16;14;0
27833;688;204;15;16;14;0
27836;704;204;15;16;14;0
27841;720;204;15;16;14;0
27861;736;204;15;16;14;0
27873;752;204;15;16;14;0
27874;768;204;15;16;14;0
27880;784;204;15;16;14;0
27891;800;204;15;16;14;0
27899;816;204;15;16;14;0
27901;832;204;15;16;14;0
27915;848;204;15;16;14;0
27945;864;204;15;16;14;0
27946;880;204;15;16;14;0
27963;896;204;15;16;14;0
27966;912;204;15;16;14;0
27969;928;204;15;16;14;0
27974;944;204;15;16;14;0
27979;960;204;15;16;14;0
27987;976;204;15;16;14;0
28023;992;204;15;16;14;0
28040;1008;204;15;16;14;0
28092;0;221;15;16;14;0
28108;16;221;15;16;14;0
28145;32;221;15;16;14;0
28151;48;221;15;16;14;0
28153;64;221;15;16;14;0
28165;80;221;15;16;14;0
28173;96;221;15;16;14;0
28176;112;221;15;16;14;0
28192;128;221;15;16;14;0
28201;144;221;15;16;14;0
28204;160;221;15;16;14;0
28207;176;221;15;16;14;0
28216;192;221;15;16;14;0
28286;208;221;15;16;14;0
28310;224;221;15;16;14;0
28317;240;221;15;16;14;0
28331;256;221;15;16;14;0
28385;272;221;15;16;14;0
28415;288;221;15;16;14;0
28418;304;221;15;16;14;0
28436;320;221;15;16;14;0
28460;336;221;15;16;14;0
28479;352;221;15;16;14;0
28580;368;221;15;16;14;0
28608;384;221;15;16;14;0
28611;400;221;15;16;14;0
28626;416;221;15;16;14;0
28771;432;221;15;16;14;0
28779;448;221;15;16;14;0
28789;464;221;15;16;14;0
28846;480;221;15;16;14;0
28857;496;221;15;16;14;0
28858;512;221;15;16;14;0
28860;528;221;15;16;14;0
28866;544;221;15;16;14;0
28872;560;221;15;16;14;0
28903;576;221;15;16;14;0
28909;592;221;15;16;14;0
28961;608;221;15;16;14;0
28982;624;221;15;16;14;0
29001;640;221;15;16;14;0
29076;656;221;15;16;14;0
29087;672;221;15;16;14;0
29105;688;221;15;16;14;0
29123;704;221;15;16;14;0
29157;720;221;15;16;14;0
29211;736;221;15;16;14;0
29228;752;221;15;16;14;0
29233;768;221;15;16;14;0
29245;784;221;15;16;14;0
29255;800;221;15;16;14;0
29289;816;221;15;16;14;0
29366;832;221;15;16;14;0
29376;848;221;15;16;14;0
29378;864;221;15;16;14;0
29399;880;221;15;16;14;0
29420;896;221;15;16;14;0
29425;912;221;15;16;14;0
29467;928;221;15;16;14;0
29468;944;221;15;16;14;0
29483;960;221;15;16;14;0
29508;976;221;15;16;14;0
29544;992;221;15;16;14;0
29554;1008;221;15;16;14;0
29575;0;238;15;16;14;0
29609;16;238;15;16;14;0
29616;32;238;15;16;14;0
29627;48;238;15;16;14;0
29694;64;238;15;16;14;0
29699;80;238;15;16;14;0
29702;96;238;15;16;14;0
29730;112;238;15;16;14;0
29738;128;238;15;16;14;0
29790;144;238;15;16;14;0
29791;160;238;15;16;14;0
29827;176;238;15;16;14;0
29983;192;238;15;16;14;0
29986;208;238;15;16;14;0
29992;224;238;15;16;14;0
30002;240;238;15;16;14;0
30005;256;238;15;16;14;0
30028;272;238;15;16;14;0
30041;288;238;15;16;14;0
30050;304;238;15;16;14;0
30058;320;238;15;16;14;0
30059;336;238;15;16;14;0
30070;352;238;15;16;14;0
30097;368;238;15;16;14;0
30103;384;238;15;16;14;0
30127;400;238;15;16;14;0
30140;416;238;15;16;14;0
30149;432;238;15;16;14;0
30165;448;238;15;16;14;0
30219;464;238;15;16;14;0
30274;480;238;15;16;14;0
30284;496;238;15;16;14;0
30294;512;238;15;16;14;0
30322;528;238;15;16;14;0
30332;544;238;15;16;14;0
30333;560;238;15;16;14;0
30340;576;238;15;16;14;0
30382;592;238;15;16;14;0
30420;608;238;15;16;14;0
30422;624;238;15;16;14;0
30433;640;238;15;16;14;0
30446;656;238;15;16;14;0
30452;672;238;15;16;14;0
30456;688;238;15;16;14;0
30475;704;238;15;16;14;0
30495;720;238;15;16;14;0
30496;736;238;15;16;14;0
30524;752;238;15;16;14;0
30528;768;238;15;16;14;0
30555;784;238;15;16;14;0
30596;800;238;15;16;14;0
30631;816;238;15;16;14;0
30637;832;238;15;16;14;0
30693;848;238;15;16;14;0
30701;864;238;15;16;14;0
30721;880;238;15;16;14;0
30740;896;238;15;16;14;0
30742;912;238;15;16;14;0
30772;928;238;15;16;14;0
30830;944;238;15;16;14;0
30861;960;238;15;16;14;0
30862;976;238;15;16;14;0
30906;992;238;15;16;14;0
30908;1008;238;15;16;14;0
30910;0;255;15;16;14;0
30938;16;255;15;16;14;0
30952;32;255;15;16;14;0
31001;48;255;15;16;14;0
31034;64;255;15;16;14;0
31069;80;255;15;16;14;0
31105;96;255;15;16;14;0
31163;112;255;15;16;14;0
31168;128;255;15;16;14;0
31169;144;255;15;16;14;0
31181;160;255;15;16;14;0
31185;176;255;15;16;14;0
31186;192;255;15;16;14;0
31216;208;255;15;16;14;0
31227;224;255;15;16;14;0
31243;240;255;15;16;14;0
31245;256;255;15;16;14;0
31278;272;255;15;16;14;0
31283;288;255;15;16;14;0
31310;304;255;15;16;14;0
31337;320;255;15;16;14;0
31350;336;255;15;16;14;0
31354;352;255;15;16;14;0
31359;368;255;15;16;14;0
31364;384;255;15;16;14;0
31405;400;255;15;16;14;0
31449;416;255;15;16;14;0
31455;432;255;15;16;14;0
31505;448;255;15;16;14;0
31526;464;255;15;16;14;0
31532;480;255;15;16;14;0
31561;496;255;15;16;14;0
31572;512;255;15;16;14;0
31616;528;255;15;16;14;0
31639;544;255;15;16;14;0
31649;560;255;15;16;14;0
31661;576;255;15;16;14;0
31665;592;255;15;16;14;0
31687;608;255;15;16;14;0
31689;624;255;15;16;14;0
31713;640;255;15;16;14;0
31777;656;255;15;16;14;0
31867;672;255;15;16;14;0
31881;688;255;15;16;14;0
31934;704;255;15;16;14;0
31946;720;255;15;16;14;0
31958;736;255;15;16;14;0
31995;752;255;15;16;14;0
32004;768;255;15;16;14;0
32016;784;255;15;16;14;0
32026;800;255;15;16;14;0
32039;816;255;15;16;14;0
32047;832;255;15;16;14;0
32066;848;255;15;16;14;0
32068;864;255;15;16;14;0
32080;880;255;15;16;14;0
32085;896;255;15;16;14;0
32102;912;255;15;16;14;0
32113;928;255;15;16;14;0
32114;944;255;15;16;14;0
32129;960;255;15;16;14;0
32147;976;255;15;16;14;0
32173;992;255;15;16;14;0
32202;1008;255;15;16;14;0
32218;0;272;15;16;14;0
32221;16;272;15;16;14;0
32305;32;272;15;16;14;0
32317;48;272;15;16;14;0
32321;64;272;15;16;14;0
32380;80;272;15;16;14;0
32396;96;272;15;16;14;0
32423;112;272;15;16;14;0
32437;128;272;15;16;14;0
32445;144;272;15;16;14;0
32447;160;272;15;16;14;0
32452;176;272;15;16;14;0
32456;192;272;15;16;14;0
32463;208;272;15;16;14;0
32465;224;272;15;16;14;0
32467;240;272;15;16;14;0
32473;256;272;15;16;14;0
32477;272;272;15;16;14;0
32479;288;272;15;16;14;0
32487;304;272;15;16;14;0
32493;320;272;15;16;14;0
32500;336;272;15;16;14;0
32521;352;272;15;16;14;0
32570;368;272;15;16;14;0
32622;384;272;15;16;14;0
32654;400;272;15;16;14;0
32676;416;272;15;16;14;0
32681;432;272;15;16;14;0
32768;448;272;15;16;14;0
32769;464;272;15;16;14;0
32773;480;272;15;16;14;0
32780;496;272;15;16;14;0
32784;512;272;15;16;14;0
32791;528;272;15;16;14;0
32822;544;272;15;16;14;0
32842;560;272;15;16;14;0
32844;576;272;15;16;14;0
32880;592;272;15;16;14;0
32887;608;272;15;16;14;0
32893;624;272;15;16;14;0
32905;640;272;15;16;14;0
32943;656;272;15;16;14;0
32946;672;272;15;16;14;0
32993;688;272;15;16;14;0
33021;704;272;15;16;14;0
33039;720;272;15;16;14;0
33041;736;272;15;16;14;0
33067;752;272;15;16;14;0
33073;768;272;15;16;14;0
33126;784;272;15;16;14;0
33139;800;272;15;16;14;0
33218;816;272;15;16;14;0
33258;832;272;15;16;14;0
33267;848;272;15;16;14;0
33268;864;272;15;16;14;0
33274;880;272;15;16;14;0
33287;896;272;15;16;14;0
33289;912;272;15;16;14;0
33310;928;272;15;16;14;0
33324;944;272;15;16;14;0
33329;960;272;15;16;14;0
33335;976;272;15;16;14;0
33337;992;272;15;16;14;0
33368;1008;272;15;16;14;0
33369;0;289;15;16;14;0
33391;16;289;15;16;14;0
33394;32;289;15;16;14;0
33437;48;289;15;16;14;0
33521;64;289;15;16;14;0
33590;80;289;15;16;14;0
33592;96;289;15;16;14;0
33618;112;289;15;16;14;0
33647;128;289;15;16;14;0
33707;144;289;15;16;14;0
33719;160;289;15;16;14;0
33756;176;289;15;16;14;0
33796;192;289;15;16;14;0
33853;208;289;15;16;14;0
33879;224;289;15;16;14;0
33889;240;289;15;16;14;0
33948;256;289;15;16;14;0
33995;272;289;15;16;14;0
34277;288;289;15;16;14;0
34389;304;289;15;16;14;0
34394;320;289;15;16;14;0
34395;336;289;15;16;14;0
34399;352;289;15;16;14;0
34429;368;289;15;16;14;0
34507;384;289;15;16;14;0
34521;400;289;15;16;14;0
34532;416;289;15;16;14;0
34746;432;289;15;16;14;0
34802;448;289;15;16;14;0
34850;464;289;15;16;14;0
34875;480;289;15;16;14;0
34880;496;289;15;16;14;0
34892;512;289;15;16;14;0
34907;528;289;15;16;14;0
34909;544;289;15;16;14;0
34915;560;289;15;16;14;0
34920;576;289;15;16;14;0
34987;592;289;15;16;14;0
35013;608;289;15;16;14;0
35037;624;289;15;16;14;0
35041;640;289;15;16;14;0
35069;656;289;15;16;14;0
35199;672;289;15;16;14;0
35201;688;289;15;16;14;0
35211;704;289;15;16;14;0
35215;720;289;15;16;14;0
35258;736;289;15;16;14;0
35261;752;289;15;16;14;0
35264;768;289;15;16;14;0
35265;784;289;15;16;14;0
35266;800;289;15;16;14;0
35268;816;289;15;16;14;0
35273;832;289;15;16;14;0
35299;848;289;15;16;14;0
35328;864;289;15;16;14;0
35336;880;289;15;16;14;0
35351;896;289;15;16;14;0
35352;912;289;15;16;14;0
35370;928;289;15;16;14;0
35373;944;289;15;16;14;0
35377;960;289;15;16;14;0
35380;976;289;15;16;14;0
35422;992;289;15;16;14;0
35430;1008;289;15;16;14;0
35441;0;306;15;16;14;0
35442;16;306;15;16;14;0
35468;32;306;15;16;14;0
35469;48;306;15;16;14;0
35486;64;306;15;16;14;0
35492;80;306;15;16;14;0
35498;96;306;15;16;14;0
35504;112;306;15;16;14;0
35519;128;306;15;16;14;0
35527;144;306;15;16;14;0
35531;160;306;15;16;14;0
35576;176;306;15;16;14;0
35586;192;306;15;16;14;0
35611;208;306;15;16;14;0
35613;224;306;15;16;14;0
35641;240;306;15;16;14;0
35672;256;306;15;16;14;0
35686;272;306;15;16;14;0
35703;288;306;15;16;14;0
35722;304;306;15;16;14;0
35731;320;306;15;16;14;0
35748;336;306;15;16;14;0
35752;352;306;15;16;14;0
35753;368;306;15;16;14;0
35760;384;306;15;16;14;0
35762;400;306;15;16;14;0
35768;416;306;15;16;14;0
35770;432;306;15;16;14;0
35774;448;306;15;16;14;0
35777;464;306;15;16;14;0
35782;480;306;15;16;14;0
35785;496;306;15;16;14;0
35789;512;306;15;16;14;0
35797;528;306;15;16;14;0
35805;544;306;15;16;14;0
35813;560;306;15;16;14;0
35821;576;306;15;16;14;0
35823;592;306;15;16;14;0
35828;608;306;15;16;14;0
35831;624;306;15;16;14;0
35835;640;306;15;16;14;0
35841;656;306;15;16;14;0
35843;672;306;15;16;14;0
35874;688;306;15;16;14;0
35880;704;306;15;16;14;0
35937;720;306;15;16;14;0
35946;736;306;15;16;14;0
35987;752;306;15;16;14;0
35997;768;306;15;16;14;0
36000;784;306;15;16;14;0
36012;800;306;15;16;14;0
36039;816;306;15;16;14;0
36068;832;306;15;16;14;0
36125;848;306;15;16;14;0
36127;864;306;15;16;14;0
36131;880;306;15;16;14;0
36133;896;306;15;16;14;0
36135;912;306;15;16;14;0
36164;928;306;15;16;14;0
36208;944;306;15;16;14;0
36215;960;306;15;16;14;0
36229;976;306;15;16;14;0
36234;992;306;15;16;14;0
36245;1008;306;15;16;14;0
36275;0;323;15;16;14;0
36286;16;323;15;16;14;0
36291;32;323;15;16;14;0
36305;48;323;15;16;14;0
36319;64;323;15;16;14;0
36335;80;323;15;16;14;0
36339;96;323;15;16;14;0
36393;112;323;15;16;14;0
36493;128;323;15;16;14;0
36523;144;323;15;16;14;0
36544;160;323;15;16;14;0
36557;176;323;15;16;14;0
36575;192;323;15;16;14;0
36617;208;323;15;16;14;0
36629;224;323;15;16;14;0
36650;240;323;15;16;14;0
36664;256;323;15;16;14;0
36681;272;323;15;16;14;0
36716;288;323;15;16;14;0
36718;304;323;15;16;14;0
36731;320;323;15;16;14;0
36733;336;323;15;16;14;0
36742;352;323;15;16;14;0
36755;368;323;15;16;14;0
36774;384;323;15;16;14;0
36807;400;323;15;16;14;0
36814;416;323;15;16;14;0
36816;432;323;15;16;14;0
36817;448;323;15;16;14;0
36820;464;323;15;16;14;0
36824;480;323;15;16;14;0
36825;496;323;15;16;14;0
36827;512;323;15;16;14;0
36828;528;323;15;16;14;0
36829;544;323;15;16;14;0
36830;560;323;15;16;14;0
36831;576;323;15;16;14;0
36855;592;323;15;16;14;0
36865;608;323;15;16;14;0
36867;624;323;15;16;14;0
36873;640;323;15;16;14;0
36884;656;323;15;16;14;0
36889;672;323;15;16;14;0
36890;688;323;15;16;14;0
36893;704;323;15;16;14;0
36896;720;323;15;16;14;0
36899;736;323;15;16;14;0
36914;752;323;15;16;14;0
36923;768;323;15;16;14;0
36924;784;323;15;16;14;0
36938;800;323;15;16;14;0
36939;816;323;15;16;14;0
36942;832;323;15;16;14;0
36947;848;323;15;16;14;0
36948;864;323;15;16;14;0
36949;880;323;15;16;14;0
36960;896;323;15;16;14;0
36969;912;323;15;16;14;0
36984;928;323;15;16;14;0
36991;944;323;15;16;14;0
36996;960;323;15;16;14;0
37007;976;323;15;16;14;0
37027;992;323;15;16;14;0
37096;1008;323;15;16;14;0
37117;0;340;15;16;14;0
37145;16;340;15;16;14;0
37291;32;340;15;16;14;0
37322;48;340;15;16;14;0
37324;64;340;15;16;14;0
37325;80;340;15;16;14;0
37327;96;340;15;16;14;0
37329;112;340;15;16;14;0
37445;128;340;15;16;14;0
37532;144;340;15;16;14;0
37636;160;340;15;16;14;0
37679;176;340;15;16;14;0
37749;192;340;15;16;14;0
37782;208;340;15;16;14;0
38145;224;340;15;16;14;0
38169;240;340;15;16;14;0
38190;256;340;15;16;14;0
38263;272;340;15;16;14;0
38271;288;340;15;16;14;0
38272;304;340;15;16;14;0
38275;320;340;15;16;14;0
38281;336;340;15;16;14;0
38283;352;340;15;16;14;0
38291;368;340;15;16;14;0
38364;384;340;15;16;14;0
38376;400;340;15;16;14;0
38378;416;340;15;16;14;0
38381;16;0;15;16;14;0
38382;32;0;15;16;14;0
38388;48;0;15;16;14;0
38392;64;0;15;16;14;0
38431;80;0;15;16;14;0
38450;96;0;15;16;14;0
38454;112;0;15;16;14;0
38459;128;0;15;16;14;0
38463;144;0;15;16;14;0
38469;160;0;15;16;14;0
38470;176;0;15;16;14;0
38477;192;0;15;16;14;0
38498;208;0;15;16;14;0
38500;224;0;15;16;14;0
38505;240;0;15;16;14;0
38519;256;0;15;16;14;0
38543;272;0;15;16;14;0
38555;288;0;15;16;14;0
38556;304;0;15;16;14;0
38568;320;0;15;16;14;0
38570;336;0;15;16;14;0
38587;352;0;15;16;14;0
38590;368;0;15;16;14;0
38598;384;0;15;16;14;0
38614;400;0;15;16;14;0
38620;416;0;15;16;14;0
38622;432;0;15;16;14;0
38626;448;0;15;16;14;0
38627;464;0;15;16;14;0
38646;480;0;15;16;14;0
38651;496;0;15;16;14;0
38656;512;0;15;16;14;0
38706;528;0;15;16;14;0
38738;544;0;15;16;14;0
38745;560;0;15;16;14;0
38748;576;0;15;16;14;0
38750;592;0;15;16;14;0
38752;608;0;15;16;14;0
38754;624;0;15;16;14;0
38860;640;0;15;16;14;0
38887;656;0;15;16;14;0
38899;672;0;15;16;14;0
38914;688;0;15;16;14;0
38917;704;0;15;16;14;0
38918;720;0;15;16;14;0
38920;736;0;15;16;14;0
38928;752;0;15;16;14;0
38957;768;0;15;16;14;0
38988;784;0;15;16;14;0
39006;800;0;15;16;14;0
39023;816;0;15;16;14;0
39030;832;0;15;16;14;0
39033;848;0;15;16;14;0
39044;864;0;15;16;14;0
39063;880;0;15;16;14;0
39064;896;0;15;16;14;0
39080;912;0;15;16;14;0
39118;928;0;15;16;14;0
39151;944;0;15;16;14;0
39277;960;0;15;16;14;0
39381;976;0;15;16;14;0
39387;992;0;15;16;14;0
39509;1008;0;15;16;14;0
39511;0;17;15;16;14;0
39514;16;17;15;16;14;0
39542;32;17;15;16;14;0
39550;48;17;15;16;14;0
39556;64;17;15;16;14;0
39564;80;17;15;16;14;0
39588;96;17;15;16;14;0
39599;112;17;15;16;14;0
39634;128;17;15;16;14;0
39636;144;17;15;16;14;0
39640;160;17;15;16;14;0
39693;176;17;15;16;14;0
39740;192;17;15;16;14;0
40635;208;17;15;16;14;0
40636;224;17;15;16;14;0
40657;240;17;15;16;14;0
40664;256;17;15;16;14;0
40670;272;17;15;16;14;0
40723;288;17;15;16;14;0
40736;304;17;15;16;14;0
40778;320;17;15;16;14;0
40784;336;17;15;16;14;0
65281;368;17;15;16;14;0
65292;384;17;15;16;14;0
65306;400;17;15;16;14;0
65311;448;85;15;16;14;0
